filename,source_url,file_size_bytes,status
"1630578323178-150x150.jpeg","https://stehachlaf.com/wp-content/uploads/2026/06/1630578323178-150x150.jpeg",2925,SUCCESS
"1630578323178.jpeg","https://stehachlaf.com/wp-content/uploads/2026/06/1630578323178.jpeg",5271,SUCCESS
"2149194826-1024x683.jpg","https://stehachlaf.com/wp-content/uploads/2026/06/2149194826-1024x683.jpg",156282,SUCCESS
"2149194826-300x200.jpg","https://stehachlaf.com/wp-content/uploads/2026/06/2149194826-300x200.jpg",16776,SUCCESS
"2149194826-768x512.jpg","https://stehachlaf.com/wp-content/uploads/2026/06/2149194826-768x512.jpg",92056,SUCCESS
"2149194826.jpg","https://stehachlaf.com/wp-content/uploads/2026/06/2149194826.jpg",1607722,SUCCESS
"2381020b17bf66f53bcf4266667186fb-300x180.webp","https://stehachlaf.com/wp-content/uploads/2026/06/2381020b17bf66f53bcf4266667186fb-300x180.webp",15976,SUCCESS
"2381020b17bf66f53bcf4266667186fb-768x461.webp","https://stehachlaf.com/wp-content/uploads/2026/06/2381020b17bf66f53bcf4266667186fb-768x461.webp",64758,SUCCESS
"2381020b17bf66f53bcf4266667186fb.webp","https://stehachlaf.com/wp-content/uploads/2026/06/2381020b17bf66f53bcf4266667186fb.webp",79970,SUCCESS
"A-LA-UNE-Energie-electrique-la-STEP-Abdelmoumen-AP83-02-1024x576.jpg","https://stehachlaf.com/wp-content/uploads/2026/06/A-LA-UNE-Energie-electrique-la-STEP-Abdelmoumen-AP83-02-1024x576.jpg",225677,SUCCESS
"A-LA-UNE-Energie-electrique-la-STEP-Abdelmoumen-AP83-02-300x169.jpg","https://stehachlaf.com/wp-content/uploads/2026/06/A-LA-UNE-Energie-electrique-la-STEP-Abdelmoumen-AP83-02-300x169.jpg",35885,SUCCESS
"A-LA-UNE-Energie-electrique-la-STEP-Abdelmoumen-AP83-02-768x432.jpg","https://stehachlaf.com/wp-content/uploads/2026/06/A-LA-UNE-Energie-electrique-la-STEP-Abdelmoumen-AP83-02-768x432.jpg",138208,SUCCESS
"A-LA-UNE-Energie-electrique-la-STEP-Abdelmoumen-AP83-02.jpg","https://stehachlaf.com/wp-content/uploads/2026/06/A-LA-UNE-Energie-electrique-la-STEP-Abdelmoumen-AP83-02.jpg",1295032,SUCCESS
"Calque55-300x225.webp","https://stehachlaf.com/wp-content/uploads/2026/06/Calque55-300x225.webp",5298,SUCCESS
"Calque55.webp","https://stehachlaf.com/wp-content/uploads/2026/06/Calque55.webp",8718,SUCCESS
"Genie-civil_bk-1024x683.png","https://stehachlaf.com/wp-content/uploads/2026/06/Genie-civil_bk-1024x683.png",598980,SUCCESS
"Genie-civil_bk-1536x1024.png","https://stehachlaf.com/wp-content/uploads/2026/06/Genie-civil_bk-1536x1024.png",1233347,SUCCESS
"Genie-civil_bk-300x200.png","https://stehachlaf.com/wp-content/uploads/2026/06/Genie-civil_bk-300x200.png",71526,SUCCESS
"Genie-civil_bk-768x512.png","https://stehachlaf.com/wp-content/uploads/2026/06/Genie-civil_bk-768x512.png",355954,SUCCESS
"Genie-civil_bk.png","https://stehachlaf.com/wp-content/uploads/2026/06/Genie-civil_bk.png",1405963,SUCCESS
"Group-16103-300x183.png","https://stehachlaf.com/wp-content/uploads/2026/06/Group-16103-300x183.png",23277,SUCCESS
"Group-16103.png","https://stehachlaf.com/wp-content/uploads/2026/06/Group-16103.png",55821,SUCCESS
"Jorf_lasfar_3eme_usine_d_engrais_mise_en_service_2017-300x168.jpg","https://stehachlaf.com/wp-content/uploads/2026/06/Jorf_lasfar_3eme_usine_d_engrais_mise_en_service_2017-300x168.jpg",10193,SUCCESS
"Jorf_lasfar_3eme_usine_d_engrais_mise_en_service_2017.jpg","https://stehachlaf.com/wp-content/uploads/2026/06/Jorf_lasfar_3eme_usine_d_engrais_mise_en_service_2017.jpg",71214,SUCCESS
"Services-location-des-engins-de-travail-vehicules-de-services-et-transport-personnel-300x225.jpg","https://stehachlaf.com/wp-content/uploads/2026/06/Services-location-des-engins-de-travail-vehicules-de-services-et-transport-personnel-300x225.jpg",14132,SUCCESS
"Services-location-des-engins-de-travail-vehicules-de-services-et-transport-personnel-768x575.jpg","https://stehachlaf.com/wp-content/uploads/2026/06/Services-location-des-engins-de-travail-vehicules-de-services-et-transport-personnel-768x575.jpg",73651,SUCCESS
"Services-location-des-engins-de-travail-vehicules-de-services-et-transport-personnel.jpg","https://stehachlaf.com/wp-content/uploads/2026/06/Services-location-des-engins-de-travail-vehicules-de-services-et-transport-personnel.jpg",188116,SUCCESS
"Team-1-1-150x150.jpg","https://stehachlaf.com/wp-content/uploads/2026/06/Team-1-1-150x150.jpg",7674,SUCCESS
"Team-1-1-300x300.jpg","https://stehachlaf.com/wp-content/uploads/2026/06/Team-1-1-300x300.jpg",20004,SUCCESS
"Team-1-1.jpg","https://stehachlaf.com/wp-content/uploads/2026/06/Team-1-1.jpg",78143,SUCCESS
"WhatsApp-Image-2026-06-14-at-14.05.29-252x300.jpeg","https://stehachlaf.com/wp-content/uploads/2026/06/WhatsApp-Image-2026-06-14-at-14.05.29-252x300.jpeg",28859,SUCCESS
"WhatsApp-Image-2026-06-14-at-14.05.29-768x913.jpeg","https://stehachlaf.com/wp-content/uploads/2026/06/WhatsApp-Image-2026-06-14-at-14.05.29-768x913.jpeg",220872,SUCCESS
"WhatsApp-Image-2026-06-14-at-14.05.29-861x1024.jpeg","https://stehachlaf.com/wp-content/uploads/2026/06/WhatsApp-Image-2026-06-14-at-14.05.29-861x1024.jpeg",270309,SUCCESS
"WhatsApp-Image-2026-06-14-at-14.05.29.jpeg","https://stehachlaf.com/wp-content/uploads/2026/06/WhatsApp-Image-2026-06-14-at-14.05.29.jpeg",502237,SUCCESS
"WhatsApp-Image-2026-06-14-at-14.05.30-169x300.jpeg","https://stehachlaf.com/wp-content/uploads/2026/06/WhatsApp-Image-2026-06-14-at-14.05.30-169x300.jpeg",11829,SUCCESS
"WhatsApp-Image-2026-06-14-at-14.05.30-576x1024.jpeg","https://stehachlaf.com/wp-content/uploads/2026/06/WhatsApp-Image-2026-06-14-at-14.05.30-576x1024.jpeg",124994,SUCCESS
"WhatsApp-Image-2026-06-14-at-14.05.30-768x1365.jpeg","https://stehachlaf.com/wp-content/uploads/2026/06/WhatsApp-Image-2026-06-14-at-14.05.30-768x1365.jpeg",211182,SUCCESS
"WhatsApp-Image-2026-06-14-at-14.05.30-864x1536.jpeg","https://stehachlaf.com/wp-content/uploads/2026/06/WhatsApp-Image-2026-06-14-at-14.05.30-864x1536.jpeg",257472,SUCCESS
"WhatsApp-Image-2026-06-14-at-14.05.30.jpeg","https://stehachlaf.com/wp-content/uploads/2026/06/WhatsApp-Image-2026-06-14-at-14.05.30.jpeg",253872,SUCCESS
"WhatsApp-Image-2026-06-14-at-14.05.31-1152x1536.jpeg","https://stehachlaf.com/wp-content/uploads/2026/06/WhatsApp-Image-2026-06-14-at-14.05.31-1152x1536.jpeg",245327,SUCCESS
"WhatsApp-Image-2026-06-14-at-14.05.31-1536x2048.jpeg","https://stehachlaf.com/wp-content/uploads/2026/06/WhatsApp-Image-2026-06-14-at-14.05.31-1536x2048.jpeg",435876,SUCCESS
"WhatsApp-Image-2026-06-14-at-14.05.31-225x300.jpeg","https://stehachlaf.com/wp-content/uploads/2026/06/WhatsApp-Image-2026-06-14-at-14.05.31-225x300.jpeg",14421,SUCCESS
"WhatsApp-Image-2026-06-14-at-14.05.31-768x1024.jpeg","https://stehachlaf.com/wp-content/uploads/2026/06/WhatsApp-Image-2026-06-14-at-14.05.31-768x1024.jpeg",115175,SUCCESS
"WhatsApp-Image-2026-06-14-at-14.05.31-scaled.jpeg","https://stehachlaf.com/wp-content/uploads/2026/06/WhatsApp-Image-2026-06-14-at-14.05.31-scaled.jpeg",681146,SUCCESS
"WhatsApp-Image-2026-06-22-at-21.27.06-1024x521.jpeg","https://stehachlaf.com/wp-content/uploads/2026/06/WhatsApp-Image-2026-06-22-at-21.27.06-1024x521.jpeg",104077,SUCCESS
"WhatsApp-Image-2026-06-22-at-21.27.06-300x153.jpeg","https://stehachlaf.com/wp-content/uploads/2026/06/WhatsApp-Image-2026-06-22-at-21.27.06-300x153.jpeg",14471,SUCCESS
"WhatsApp-Image-2026-06-22-at-21.27.06-768x390.jpeg","https://stehachlaf.com/wp-content/uploads/2026/06/WhatsApp-Image-2026-06-22-at-21.27.06-768x390.jpeg",64500,SUCCESS
"WhatsApp-Image-2026-06-22-at-21.27.06.jpeg","https://stehachlaf.com/wp-content/uploads/2026/06/WhatsApp-Image-2026-06-22-at-21.27.06.jpeg",101042,SUCCESS
"WhatsApp-Image-2026-06-23-at-01.55.57-1024x494.jpeg","https://stehachlaf.com/wp-content/uploads/2026/06/WhatsApp-Image-2026-06-23-at-01.55.57-1024x494.jpeg",57941,SUCCESS
"WhatsApp-Image-2026-06-23-at-01.55.57-1536x741.jpeg","https://stehachlaf.com/wp-content/uploads/2026/06/WhatsApp-Image-2026-06-23-at-01.55.57-1536x741.jpeg",114192,SUCCESS
"WhatsApp-Image-2026-06-23-at-01.55.57-2048x987.jpeg","https://stehachlaf.com/wp-content/uploads/2026/06/WhatsApp-Image-2026-06-23-at-01.55.57-2048x987.jpeg",181745,SUCCESS
"WhatsApp-Image-2026-06-23-at-01.55.57-300x145.jpeg","https://stehachlaf.com/wp-content/uploads/2026/06/WhatsApp-Image-2026-06-23-at-01.55.57-300x145.jpeg",7360,SUCCESS
"WhatsApp-Image-2026-06-23-at-01.55.57-768x370.jpeg","https://stehachlaf.com/wp-content/uploads/2026/06/WhatsApp-Image-2026-06-23-at-01.55.57-768x370.jpeg",36088,SUCCESS
"WhatsApp-Image-2026-06-23-at-01.55.57-scaled.jpeg","https://stehachlaf.com/wp-content/uploads/2026/06/WhatsApp-Image-2026-06-23-at-01.55.57-scaled.jpeg",257503,SUCCESS
"WhatsApp-Image-2026-06-23-at-19.01.54-169x300.jpeg","https://stehachlaf.com/wp-content/uploads/2026/06/WhatsApp-Image-2026-06-23-at-19.01.54-169x300.jpeg",11816,SUCCESS
"WhatsApp-Image-2026-06-23-at-19.01.54-576x1024.jpeg","https://stehachlaf.com/wp-content/uploads/2026/06/WhatsApp-Image-2026-06-23-at-19.01.54-576x1024.jpeg",124402,SUCCESS
"WhatsApp-Image-2026-06-23-at-19.01.54-768x1365.jpeg","https://stehachlaf.com/wp-content/uploads/2026/06/WhatsApp-Image-2026-06-23-at-19.01.54-768x1365.jpeg",210429,SUCCESS
"WhatsApp-Image-2026-06-23-at-19.01.54-864x1536.jpeg","https://stehachlaf.com/wp-content/uploads/2026/06/WhatsApp-Image-2026-06-23-at-19.01.54-864x1536.jpeg",256610,SUCCESS
"WhatsApp-Image-2026-06-23-at-19.01.54.jpeg","https://stehachlaf.com/wp-content/uploads/2026/06/WhatsApp-Image-2026-06-23-at-19.01.54.jpeg",278467,SUCCESS
"acciona-150x150.png","https://stehachlaf.com/wp-content/uploads/2026/06/acciona-150x150.png",2322,SUCCESS
"acciona-300x300.png","https://stehachlaf.com/wp-content/uploads/2026/06/acciona-300x300.png",4750,SUCCESS
"acciona.png","https://stehachlaf.com/wp-content/uploads/2026/06/acciona.png",4630,SUCCESS
"boujdour-eolien-300x200.jpg","https://stehachlaf.com/wp-content/uploads/2026/06/boujdour-eolien-300x200.jpg",5639,SUCCESS
"boujdour-eolien-768x512.jpg","https://stehachlaf.com/wp-content/uploads/2026/06/boujdour-eolien-768x512.jpg",29995,SUCCESS
"boujdour-eolien.jpg","https://stehachlaf.com/wp-content/uploads/2026/06/boujdour-eolien.jpg",42490,SUCCESS
"centralesafi-126-1024x670.jpg","https://stehachlaf.com/wp-content/uploads/2026/06/centralesafi-126-1024x670.jpg",118567,SUCCESS
"centralesafi-126-1536x1005.jpg","https://stehachlaf.com/wp-content/uploads/2026/06/centralesafi-126-1536x1005.jpg",236816,SUCCESS
"centralesafi-126-2048x1340.jpg","https://stehachlaf.com/wp-content/uploads/2026/06/centralesafi-126-2048x1340.jpg",406381,SUCCESS
"centralesafi-126-300x196.jpg","https://stehachlaf.com/wp-content/uploads/2026/06/centralesafi-126-300x196.jpg",33783,SUCCESS
"centralesafi-126-768x502.jpg","https://stehachlaf.com/wp-content/uploads/2026/06/centralesafi-126-768x502.jpg",78216,SUCCESS
"centralesafi-126-scaled.jpg","https://stehachlaf.com/wp-content/uploads/2026/06/centralesafi-126-scaled.jpg",624653,SUCCESS
"cmscompany_logo-150x150.jpeg","https://stehachlaf.com/wp-content/uploads/2026/06/cmscompany_logo-150x150.jpeg",3522,SUCCESS
"cmscompany_logo.jpeg","https://stehachlaf.com/wp-content/uploads/2026/06/cmscompany_logo.jpeg",7374,SUCCESS
"epme-150x150.webp","https://stehachlaf.com/wp-content/uploads/2026/06/epme-150x150.webp",1858,SUCCESS
"epme.webp","https://stehachlaf.com/wp-content/uploads/2026/06/epme.webp",13078,SUCCESS
"espagnols-projet-eolien-maroc-48b99-1024x640.webp","https://stehachlaf.com/wp-content/uploads/2026/06/espagnols-projet-eolien-maroc-48b99-1024x640.webp",90358,SUCCESS
"espagnols-projet-eolien-maroc-48b99-300x188.webp","https://stehachlaf.com/wp-content/uploads/2026/06/espagnols-projet-eolien-maroc-48b99-300x188.webp",11112,SUCCESS
"espagnols-projet-eolien-maroc-48b99-768x480.webp","https://stehachlaf.com/wp-content/uploads/2026/06/espagnols-projet-eolien-maroc-48b99-768x480.webp",58314,SUCCESS
"espagnols-projet-eolien-maroc-48b99.webp","https://stehachlaf.com/wp-content/uploads/2026/06/espagnols-projet-eolien-maroc-48b99.webp",110548,SUCCESS
"export-1024x768.png","https://stehachlaf.com/wp-content/uploads/2026/06/export-1024x768.png",158994,SUCCESS
"export-1536x1152.png","https://stehachlaf.com/wp-content/uploads/2026/06/export-1536x1152.png",282303,SUCCESS
"export-2048x1536.png","https://stehachlaf.com/wp-content/uploads/2026/06/export-2048x1536.png",417675,SUCCESS
"export-300x225.png","https://stehachlaf.com/wp-content/uploads/2026/06/export-300x225.png",24189,SUCCESS
"export-768x576.png","https://stehachlaf.com/wp-content/uploads/2026/06/export-768x576.png",104614,SUCCESS
"export.png","https://stehachlaf.com/wp-content/uploads/2026/06/export.png",812896,SUCCESS
"group-of-confident-builders-looking-at-building-plan-at-construction-site2-1024x684.jpg","https://stehachlaf.com/wp-content/uploads/2026/06/group-of-confident-builders-looking-at-building-plan-at-construction-site2-1024x684.jpg",142484,SUCCESS
"group-of-confident-builders-looking-at-building-plan-at-construction-site2-300x200.jpg","https://stehachlaf.com/wp-content/uploads/2026/06/group-of-confident-builders-looking-at-building-plan-at-construction-site2-300x200.jpg",20006,SUCCESS
"group-of-confident-builders-looking-at-building-plan-at-construction-site2-768x513.jpg","https://stehachlaf.com/wp-content/uploads/2026/06/group-of-confident-builders-looking-at-building-plan-at-construction-site2-768x513.jpg",91069,SUCCESS
"group-of-confident-builders-looking-at-building-plan-at-construction-site2.jpg","https://stehachlaf.com/wp-content/uploads/2026/06/group-of-confident-builders-looking-at-building-plan-at-construction-site2.jpg",164956,SUCCESS
"hachlaf_akhawayne_logo_v1-1024x768.png","https://stehachlaf.com/wp-content/uploads/2026/06/hachlaf_akhawayne_logo_v1-1024x768.png",527351,SUCCESS
"hachlaf_akhawayne_logo_v1-1536x1152.png","https://stehachlaf.com/wp-content/uploads/2026/06/hachlaf_akhawayne_logo_v1-1536x1152.png",981618,SUCCESS
"hachlaf_akhawayne_logo_v1-2048x1536.png","https://stehachlaf.com/wp-content/uploads/2026/06/hachlaf_akhawayne_logo_v1-2048x1536.png",1507289,SUCCESS
"hachlaf_akhawayne_logo_v1-300x225.png","https://stehachlaf.com/wp-content/uploads/2026/06/hachlaf_akhawayne_logo_v1-300x225.png",74158,SUCCESS
"hachlaf_akhawayne_logo_v1-768x576.png","https://stehachlaf.com/wp-content/uploads/2026/06/hachlaf_akhawayne_logo_v1-768x576.png",336047,SUCCESS
"hachlaf_akhawayne_logo_v1.png","https://stehachlaf.com/wp-content/uploads/2026/06/hachlaf_akhawayne_logo_v1.png",2118296,SUCCESS
"images-1-300x127.png","https://stehachlaf.com/wp-content/uploads/2026/06/images-1-300x127.png",6132,SUCCESS
"images-1-300x199.jpeg","https://stehachlaf.com/wp-content/uploads/2026/06/images-1-300x199.jpeg",19011,SUCCESS
"images-1.jpeg","https://stehachlaf.com/wp-content/uploads/2026/06/images-1.jpeg",55411,SUCCESS
"images-1.png","https://stehachlaf.com/wp-content/uploads/2026/06/images-1.png",5037,SUCCESS
"images-300x200.jpeg","https://stehachlaf.com/wp-content/uploads/2026/06/images-300x200.jpeg",17662,SUCCESS
"images.jpeg","https://stehachlaf.com/wp-content/uploads/2026/06/images.jpeg",56409,SUCCESS
"lpee-laboratoire-public-dessais-et-detudes-150x150.jpg","https://stehachlaf.com/wp-content/uploads/2026/06/lpee-laboratoire-public-dessais-et-detudes-150x150.jpg",3755,SUCCESS
"lpee-laboratoire-public-dessais-et-detudes.jpg","https://stehachlaf.com/wp-content/uploads/2026/06/lpee-laboratoire-public-dessais-et-detudes.jpg",5429,SUCCESS
"noor_midelt_Maroc_Misterelec-1024x683.webp","https://stehachlaf.com/wp-content/uploads/2026/06/noor_midelt_Maroc_Misterelec-1024x683.webp",182644,SUCCESS
"noor_midelt_Maroc_Misterelec-300x200.webp","https://stehachlaf.com/wp-content/uploads/2026/06/noor_midelt_Maroc_Misterelec-300x200.webp",18670,SUCCESS
"noor_midelt_Maroc_Misterelec-768x512.webp","https://stehachlaf.com/wp-content/uploads/2026/06/noor_midelt_Maroc_Misterelec-768x512.webp",107228,SUCCESS
"noor_midelt_Maroc_Misterelec.webp","https://stehachlaf.com/wp-content/uploads/2026/06/noor_midelt_Maroc_Misterelec.webp",300710,SUCCESS
"noukatel_logo-150x150.jpeg","https://stehachlaf.com/wp-content/uploads/2026/06/noukatel_logo-150x150.jpeg",3908,SUCCESS
"noukatel_logo.jpeg","https://stehachlaf.com/wp-content/uploads/2026/06/noukatel_logo.jpeg",8128,SUCCESS
"nsm-150x150.webp","https://stehachlaf.com/wp-content/uploads/2026/06/nsm-150x150.webp",1748,SUCCESS
"nsm.webp","https://stehachlaf.com/wp-content/uploads/2026/06/nsm.webp",12666,SUCCESS
"person-using-magnifyer-1024x683.jpg","https://stehachlaf.com/wp-content/uploads/2026/06/person-using-magnifyer-1024x683.jpg",135186,SUCCESS
"person-using-magnifyer-300x200.jpg","https://stehachlaf.com/wp-content/uploads/2026/06/person-using-magnifyer-300x200.jpg",17727,SUCCESS
"person-using-magnifyer-768x513.jpg","https://stehachlaf.com/wp-content/uploads/2026/06/person-using-magnifyer-768x513.jpg",85386,SUCCESS
"person-using-magnifyer.jpg","https://stehachlaf.com/wp-content/uploads/2026/06/person-using-magnifyer.jpg",170688,SUCCESS
"sogea_maroc_logo-150x150.jpeg","https://stehachlaf.com/wp-content/uploads/2026/06/sogea_maroc_logo-150x150.jpeg",3426,SUCCESS
"sogea_maroc_logo.jpeg","https://stehachlaf.com/wp-content/uploads/2026/06/sogea_maroc_logo.jpeg",6573,SUCCESS
"unnamed-150x150.jpg","https://stehachlaf.com/wp-content/uploads/2026/06/unnamed-150x150.jpg",2293,SUCCESS
"unnamed-300x300.jpg","https://stehachlaf.com/wp-content/uploads/2026/06/unnamed-300x300.jpg",4965,SUCCESS
"unnamed-768x768.jpg","https://stehachlaf.com/wp-content/uploads/2026/06/unnamed-768x768.jpg",14200,SUCCESS
"unnamed.jpg","https://stehachlaf.com/wp-content/uploads/2026/06/unnamed.jpg",26216,SUCCESS
